CustomerID,Age,Gender,Location,CurrentIncome,Savings,EarningPotential,HistoricalSpending,CreditScore,SpendingLimit,EducationalStatus
1,28,Male,"New York",50000.00,10000.00,75000.00,1200.00,720,1500.00,Bachelor
2,35,Female,"Los Angeles",60000.00,15000.00,80000.00,1400.00,680,1800.00,Master
3,22,Male,Chicago,45000.00,8000.00,70000.00,1000.00,700,1200.00,"High School"
4,30,Female,Miami,55000.00,12000.00,78000.00,1100.00,710,1600.00,Bachelor
5,32,Male,"San Francisco",65000.00,18000.00,82000.00,1300.00,700,1900.00,Master
6,25,Female,Seattle,48000.00,9000.00,72000.00,950.00,730,1400.00,"High School"
7,38,Male,Boston,70000.00,20000.00,85000.00,1600.00,740,2200.00,PhD
8,29,Female,Austin,51000.00,11000.00,76000.00,1250.00,710,1700.00,Master
9,27,Male,Denver,52000.00,10500.00,74000.00,1100.00,700,1600.00,Bachelor
10,31,Female,Atlanta,57000.00,13000.00,79000.00,1350.00,690,1900.00,Bachelor
11,33,Male,Philadelphia,62000.00,17000.00,83000.00,1500.00,710,2100.00,Master
12,26,Female,Houston,49000.00,9500.00,73000.00,1000.00,720,1300.00,"High School"
13,41,Male,Dallas,72000.00,21000.00,86000.00,1700.00,730,2300.00,PhD
14,34,Female,"San Diego",60000.00,14000.00,80000.00,1450.00,680,1800.00,Bachelor
15,24,Male,Detroit,46000.00,8500.00,71000.00,900.00,710,1200.00,"High School"
16,36,Female,Phoenix,61000.00,16000.00,82000.00,1550.00,700,2000.00,Master
17,23,Male,Portland,47000.00,9000.00,72000.00,950.00,730,1300.00,Bachelor
18,39,Female,Minneapolis,71000.00,19000.00,85000.00,1650.00,740,2200.00,PhD
19,28,Male,"Las Vegas",52000.00,10500.00,74000.00,1100.00,700,1600.00,Bachelor
20,30,Female,Charlotte,56000.00,12500.00,78000.00,1200.00,710,1800.00,Bachelor
21,37,Male,"San Antonio",69000.00,20000.00,84000.00,1600.00,730,2100.00,Master
22,25,Female,"Salt Lake City",48000.00,9500.00,72000.00,950.00,720,1300.00,"High School"
23,42,Male,Tampa,73000.00,22000.00,87000.00,1750.00,730,2400.00,PhD
24,27,Female,"Kansas City",51000.00,11000.00,76000.00,1250.00,710,1700.00,Master
25,29,Male,Raleigh,53000.00,11500.00,75000.00,1300.00,700,1700.00,Bachelor
26,35,Female,Indianapolis,59000.00,13500.00,80000.00,1400.00,690,2000.00,Bachelor
27,30,Male,Columbus,55000.00,12000.00,78000.00,1200.00,710,1600.00,Master
28,38,Female,Nashville,67000.00,19000.00,84000.00,1550.00,740,2200.00,PhD
29,31,Male,Albuquerque,58000.00,13000.00,79000.00,1350.00,690,1900.00,Bachelor
30,26,Female,Louisville,49000.00,9500.00,73000.00,1050.00,720,1400.00,"High School"
31,40,Male,"Oklahoma City",71000.00,21000.00,86000.00,1700.00,730,2300.00,Master
32,34,Female,Omaha,59000.00,14000.00,80000.00,1400.00,680,1800.00,Bachelor
33,24,Male,Honolulu,47000.00,9000.00,72000.00,950.00,720,1300.00,"High School"
34,36,Female,Anchorage,63000.00,16000.00,83000.00,1600.00,710,2100.00,PhD
35,23,Male,Boise,46000.00,8500.00,71000.00,900.00,710,1200.00,Bachelor
36,41,Female,"Little Rock",70000.00,20000.00,85000.00,1750.00,730,2300.00,PhD
37,35,Male,"Des Moines",59000.00,14000.00,80000.00,1500.00,680,1900.00,Master
38,29,Female,Jackson,52000.00,10500.00,74000.00,1150.00,710,1700.00,Bachelor
39,27,Male,Birmingham,50000.00,10000.00,75000.00,1200.00,710,1500.00,Master
40,42,Female,"Salt Lake City",72000.00,21000.00,86000.00,1700.00,740,2200.00,PhD
41,36,Male,Raleigh,63000.00,16000.00,83000.00,1600.00,730,2100.00,Bachelor
42,28,Female,Columbus,51000.00,11000.00,76000.00,1250.00,710,1700.00,Bachelor
43,32,Male,Nashville,55000.00,12000.00,78000.00,1200.00,720,1600.00,Master
44,24,Female,Albuquerque,47000.00,9000.00,72000.00,900.00,730,1300.00,"High School"
45,39,Male,Louisville,67000.00,19000.00,84000.00,1550.00,740,2200.00,PhD
46,33,Female,"Oklahoma City",59000.00,14000.00,80000.00,1400.00,680,1800.00,Bachelor
47,31,Male,Omaha,58000.00,13000.00,79000.00,1350.00,690,1900.00,Bachelor
48,25,Female,Honolulu,48000.00,9500.00,73000.00,1100.00,720,1400.00,Master
49,44,Male,Anchorage,75000.00,22000.00,87000.00,1750.00,730,2400.00,PhD
50,37,Female,Boise,64000.00,17000.00,85000.00,1650.00,710,2100.00,Bachelor
51,26,Male,"Des Moines",51000.00,10500.00,74000.00,1150.00,710,1700.00,Bachelor
52,30,Female,Jackson,53000.00,11500.00,75000.00,1300.00,700,1700.00,Bachelor
53,35,Male,Birmingham,59000.00,14000.00,80000.00,1400.00,680,1800.00,Master
54,33,Female,Louisville,58000.00,13000.00,79000.00,1350.00,690,1900.00,Bachelor
55,29,Male,Raleigh,52000.00,11000.00,76000.00,1250.00,710,1700.00,Master
56,27,Female,Columbus,50000.00,10000.00,75000.00,1200.00,710,1500.00,Master
57,42,Male,"Salt Lake City",72000.00,21000.00,86000.00,1700.00,740,2200.00,PhD
58,36,Female,Raleigh,63000.00,16000.00,83000.00,1600.00,730,2100.00,Bachelor
59,28,Male,Columbus,51000.00,11000.00,76000.00,1250.00,710,1700.00,Bachelor
60,32,Female,Nashville,55000.00,12000.00,78000.00,1200.00,720,1600.00,Master
61,24,Male,Albuquerque,47000.00,9000.00,72000.00,900.00,730,1300.00,"High School"
62,39,Female,Louisville,67000.00,19000.00,84000.00,1550.00,740,2200.00,PhD
63,33,Male,"Oklahoma City",59000.00,14000.00,80000.00,1400.00,680,1800.00,Bachelor
64,31,Female,Omaha,58000.00,13000.00,79000.00,1350.00,690,1900.00,Bachelor
65,25,Male,Honolulu,48000.00,9500.00,73000.00,1100.00,720,1400.00,Master
66,44,Female,Anchorage,75000.00,22000.00,87000.00,1750.00,730,2400.00,PhD
67,37,Male,Boise,64000.00,17000.00,85000.00,1650.00,710,2100.00,Bachelor
68,28,Male,"Des Moines",51000.00,10500.00,74000.00,1150.00,710,1700.00,Bachelor
69,30,Female,Jackson,53000.00,11500.00,75000.00,1300.00,700,1700.00,Bachelor
70,35,Male,Birmingham,59000.00,14000.00,80000.00,1400.00,680,1800.00,Master
71,33,Female,Louisville,58000.00,13000.00,79000.00,1350.00,690,1900.00,Bachelor
72,29,Male,Raleigh,52000.00,11000.00,76000.00,1250.00,710,1700.00,Master
73,27,Female,Columbus,50000.00,10000.00,75000.00,1200.00,710,1500.00,Master
74,42,Male,"Salt Lake City",72000.00,21000.00,86000.00,1700.00,740,2200.00,PhD
75,36,Female,Raleigh,63000.00,16000.00,83000.00,1600.00,730,2100.00,Bachelor
76,28,Male,Columbus,51000.00,11000.00,76000.00,1250.00,710,1700.00,Bachelor
77,32,Female,Nashville,55000.00,12000.00,78000.00,1200.00,720,1600.00,Master
78,24,Male,Albuquerque,47000.00,9000.00,72000.00,900.00,730,1300.00,"High School"
79,39,Female,Louisville,67000.00,19000.00,84000.00,1550.00,740,2200.00,PhD
80,33,Male,"Oklahoma City",59000.00,14000.00,80000.00,1400.00,680,1800.00,Bachelor
81,31,Female,Omaha,58000.00,13000.00,79000.00,1350.00,690,1900.00,Bachelor
82,25,Male,Honolulu,48000.00,9500.00,73000.00,1100.00,720,1400.00,Master
83,44,Female,Anchorage,75000.00,22000.00,87000.00,1750.00,730,2400.00,PhD
84,37,Male,Boise,64000.00,17000.00,85000.00,1650.00,710,2100.00,Bachelor
85,28,Male,"Des Moines",51000.00,10500.00,74000.00,1150.00,710,1700.00,Bachelor
86,30,Female,Jackson,53000.00,11500.00,75000.00,1300.00,700,1700.00,Bachelor
87,35,Male,Birmingham,59000.00,14000.00,80000.00,1400.00,680,1800.00,Master
88,33,Female,Louisville,58000.00,13000.00,79000.00,1350.00,690,1900.00,Bachelor
89,29,Male,Raleigh,52000.00,11000.00,76000.00,1250.00,710,1700.00,Master
90,27,Female,Columbus,50000.00,10000.00,75000.00,1200.00,710,1500.00,Master
91,42,Male,"Salt Lake City",72000.00,21000.00,86000.00,1700.00,740,2200.00,PhD
92,36,Female,Raleigh,63000.00,16000.00,83000.00,1600.00,730,2100.00,Bachelor
93,28,Male,Columbus,51000.00,11000.00,76000.00,1250.00,710,1700.00,Bachelor
94,32,Female,Nashville,55000.00,12000.00,78000.00,1200.00,720,1600.00,Master
95,24,Male,Albuquerque,47000.00,9000.00,72000.00,900.00,730,1300.00,"High School"
96,39,Female,Louisville,67000.00,19000.00,84000.00,1550.00,740,2200.00,PhD
97,33,Male,"Oklahoma City",59000.00,14000.00,80000.00,1400.00,680,1800.00,Bachelor
98,31,Female,Omaha,58000.00,13000.00,79000.00,1350.00,690,1900.00,Bachelor
99,25,Male,Honolulu,48000.00,9500.00,73000.00,1100.00,720,1400.00,Master
100,44,Female,Anchorage,75000.00,22000.00,87000.00,1750.00,730,2400.00,PhD
101,37,Male,Boise,64000.00,17000.00,85000.00,1650.00,710,2100.00,Bachelor
102,28,Male,"Des Moines",51000.00,10500.00,74000.00,1150.00,710,1700.00,Bachelor
103,30,Female,Jackson,53000.00,11500.00,75000.00,1300.00,700,1700.00,Bachelor
104,35,Male,Birmingham,59000.00,14000.00,80000.00,1400.00,680,1800.00,Master
105,33,Female,Louisville,58000.00,13000.00,79000.00,1350.00,690,1900.00,Bachelor
106,29,Male,Raleigh,52000.00,11000.00,76000.00,1250.00,710,1700.00,Master
107,27,Female,Columbus,50000.00,10000.00,75000.00,1200.00,710,1500.00,Master
108,42,Male,"Salt Lake City",72000.00,21000.00,86000.00,1700.00,740,2200.00,PhD
109,36,Female,Raleigh,63000.00,16000.00,83000.00,1600.00,730,2100.00,Bachelor
110,28,Male,Columbus,51000.00,11000.00,76000.00,1250.00,710,1700.00,Bachelor
111,35,Male,Chicago,55000.00,12000.00,78000.00,1200.00,710,1600.00,Master
112,38,Female,"New York",67000.00,19000.00,84000.00,1550.00,740,2200.00,PhD
113,32,Male,"Los Angeles",59000.00,14000.00,80000.00,1400.00,680,1800.00,Bachelor
114,29,Female,Chicago,52000.00,11000.00,76000.00,1250.00,710,1700.00,Master
115,27,Male,Miami,50000.00,10000.00,75000.00,1200.00,710,1500.00,Master
116,44,Female,"San Francisco",72000.00,21000.00,86000.00,1700.00,740,2200.00,PhD
117,36,Male,Seattle,63000.00,16000.00,83000.00,1600.00,730,2100.00,Bachelor
118,28,Female,Boston,51000.00,11000.00,76000.00,1250.00,710,1700.00,Bachelor
119,32,Male,Austin,55000.00,12000.00,78000.00,1200.00,720,1600.00,Master
120,25,Female,Houston,48000.00,9500.00,73000.00,1100.00,720,1400.00,Master
121,37,Male,Dallas,64000.00,17000.00,85000.00,1650.00,710,2100.00,Bachelor
122,36,Female,"San Diego",63000.00,16000.00,83000.00,1600.00,730,2100.00,PhD
123,31,Male,Detroit,57000.00,13000.00,79000.00,1350.00,690,1900.00,Bachelor
124,35,Female,Phoenix,59000.00,14000.00,80000.00,1400.00,680,1800.00,Master
125,33,Male,Portland,58000.00,13000.00,79000.00,1350.00,690,1900.00,Bachelor
126,27,Female,Minneapolis,50000.00,10000.00,75000.00,1200.00,710,1500.00,Master
127,30,Male,"Las Vegas",53000.00,11500.00,75000.00,1300.00,700,1700.00,Bachelor
128,32,Female,Charlotte,56000.00,12500.00,78000.00,1200.00,720,1600.00,Master
129,29,Male,"San Antonio",51000.00,11000.00,76000.00,1250.00,710,1700.00,Bachelor
130,26,Female,"Salt Lake City",48000.00,9500.00,73000.00,1100.00,720,1400.00,Master
131,37,Male,Tampa,65000.00,17000.00,85000.00,1650.00,710,2100.00,PhD
132,34,Female,Indianapolis,62000.00,15000.00,82000.00,1450.00,680,1800.00,Bachelor
133,31,Male,Columbus,58000.00,13000.00,79000.00,1350.00,690,1900.00,Bachelor
134,25,Female,Nashville,47000.00,9000.00,72000.00,900.00,730,1300.00,Master
135,27,Male,Albuquerque,50000.00,10000.00,75000.00,1200.00,710,1500.00,Bachelor
136,34,Female,Louisville,62000.00,15000.00,82000.00,1450.00,680,1800.00,Bachelor
137,30,Male,"Oklahoma City",55000.00,12000.00,78000.00,1200.00,720,1600.00,Master
138,28,Female,Omaha,51000.00,11000.00,76000.00,1250.00,710,1700.00,Bachelor
139,33,Male,Honolulu,59000.00,14000.00,80000.00,1400.00,680,1800.00,PhD
140,32,Female,Anchorage,58000.00,13000.00,79000.00,1350.00,690,1900.00,PhD
141,25,Male,Boise,47000.00,9000.00,72000.00,900.00,730,1300.00,Master
142,31,Female,"Little Rock",52000.00,11000.00,76000.00,1250.00,710,1700.00,Bachelor
143,36,Male,"Des Moines",60000.00,16000.00,80000.00,1600.00,730,2100.00,PhD
144,28,Female,Jackson,52000.00,11000.00,76000.00,1250.00,710,1700.00,Master
145,27,Male,Birmingham,49000.00,10000.00,75000.00,1200.00,710,1500.00,Bachelor
146,33,Female,"Salt Lake City",59000.00,14000.00,80000.00,1400.00,680,1800.00,Bachelor
147,29,Male,Raleigh,52000.00,11000.00,76000.00,1250.00,710,1700.00,Master
148,28,Female,Columbus,51000.00,11000.00,76000.00,1250.00,710,1700.00,PhD
149,32,Male,Nashville,55000.00,12000.00,78000.00,1200.00,720,1600.00,Bachelor
150,24,Female,Albuquerque,47000.00,9000.00,72000.00,900.00,730,1300.00,"High School"
151,25,Male,Chicago,50000.00,10000.00,75000.00,1200.00,710,1500.00,Bachelor
152,28,Female,"New York",55000.00,12000.00,78000.00,1250.00,710,1600.00,Master
153,29,Male,"Los Angeles",56000.00,12500.00,78000.00,1300.00,700,1600.00,Bachelor
154,24,Female,Chicago,48000.00,9500.00,73000.00,1150.00,710,1400.00,Master
155,37,Male,Miami,63000.00,16000.00,83000.00,1600.00,720,2100.00,PhD
156,35,Female,"San Francisco",61000.00,15000.00,82000.00,1450.00,700,2000.00,Bachelor
157,26,Male,Seattle,52000.00,11000.00,76000.00,1250.00,700,1700.00,Bachelor
158,32,Female,Boston,58000.00,13000.00,79000.00,1350.00,690,1800.00,Master
159,28,Male,Austin,53000.00,11500.00,75000.00,1300.00,700,1700.00,Bachelor
160,25,Female,Houston,49000.00,10000.00,75000.00,1200.00,700,1500.00,Bachelor
161,31,Male,Dallas,56000.00,12500.00,78000.00,1300.00,690,1600.00,Master
162,30,Female,"San Diego",54000.00,12000.00,77000.00,1250.00,700,1700.00,PhD
163,29,Male,Detroit,52000.00,11000.00,76000.00,1200.00,700,1700.00,Bachelor
164,26,Female,Phoenix,50000.00,10000.00,75000.00,1200.00,700,1500.00,Master
165,24,Male,Portland,47000.00,9500.00,73000.00,1150.00,710,1400.00,Bachelor
166,30,Female,Minneapolis,53000.00,11500.00,75000.00,1300.00,700,1700.00,Master
167,28,Male,"Las Vegas",52000.00,11000.00,76000.00,1250.00,700,1700.00,Bachelor
168,29,Female,Charlotte,54000.00,12000.00,77000.00,1250.00,700,1700.00,Bachelor
169,35,Male,"San Antonio",59000.00,14000.00,80000.00,1400.00,690,1800.00,Master
170,27,Female,Tampa,51000.00,10500.00,74000.00,1150.00,700,1500.00,Bachelor
171,32,Male,Indianapolis,57000.00,13000.00,79000.00,1350.00,690,1600.00,PhD
172,29,Female,Columbus,53000.00,11500.00,75000.00,1300.00,700,1700.00,Bachelor
173,27,Male,Nashville,51000.00,10500.00,74000.00,1150.00,700,1500.00,Master
174,31,Female,Albuquerque,55000.00,12000.00,78000.00,1250.00,700,1600.00,Master
175,26,Male,Boise,50000.00,10000.00,75000.00,1200.00,700,1500.00,Bachelor
176,34,Female,"Little Rock",61000.00,15000.00,82000.00,1450.00,700,2000.00,PhD
177,35,Male,"Des Moines",62000.00,16000.00,83000.00,1550.00,690,2100.00,Master
178,31,Female,Jackson,57000.00,13000.00,79000.00,1350.00,690,1600.00,Bachelor
179,30,Male,Birmingham,56000.00,12500.00,78000.00,1300.00,700,1700.00,Bachelor
180,24,Female,"Salt Lake City",48000.00,9500.00,73000.00,1150.00,710,1400.00,Bachelor
181,25,Male,Raleigh,49000.00,10000.00,75000.00,1200.00,710,1500.00,Master
182,34,Female,Columbus,60000.00,16000.00,80000.00,1600.00,730,2100.00,Bachelor
183,26,Male,Boise,52000.00,11000.00,76000.00,1250.00,710,1700.00,Master
184,25,Female,Honolulu,49000.00,10000.00,75000.00,1200.00,710,1500.00,Bachelor
185,27,Male,Tampa,51000.00,10500.00,74000.00,1150.00,710,1700.00,Bachelor
186,29,Female,Portland,53000.00,11500.00,75000.00,1300.00,700,1700.00,Master
187,34,Male,"San Francisco",59000.00,14000.00,80000.00,1400.00,700,1800.00,PhD
188,28,Female,"New York",52000.00,11000.00,76000.00,1250.00,700,1700.00,Bachelor
189,31,Male,Chicago,56000.00,12500.00,78000.00,1300.00,690,1600.00,Bachelor
190,27,Female,"Los Angeles",50000.00,10000.00,75000.00,1200.00,700,1500.00,Master
191,28,Female,Seattle,52000.00,11000.00,76000.00,1250.00,700,1700.00,Master
192,32,Female,Boston,58000.00,13000.00,79000.00,1350.00,690,1800.00,Bachelor
193,28,Female,Austin,53000.00,11500.00,75000.00,1300.00,700,1700.00,Bachelor
194,25,Female,Houston,49000.00,10000.00,75000.00,1200.00,700,1500.00,Bachelor
195,31,Female,Dallas,56000.00,12500.00,78000.00,1300.00,690,1600.00,Master
196,30,Female,"San Diego",54000.00,12000.00,77000.00,1250.00,700,1700.00,PhD
197,29,Female,Detroit,52000.00,11000.00,76000.00,1200.00,700,1700.00,Bachelor
198,26,Female,Phoenix,50000.00,10000.00,75000.00,1200.00,700,1500.00,Master
199,24,Female,Portland,47000.00,9500.00,73000.00,1150.00,710,1400.00,Bachelor
200,30,Female,Minneapolis,53000.00,11500.00,75000.00,1300.00,700,1700.00,Master
201,28,Male,"Las Vegas",52000.00,11000.00,76000.00,1250.00,700,1700.00,Bachelor
202,29,Male,Charlotte,54000.00,12000.00,77000.00,1250.00,700,1700.00,Bachelor
203,35,Male,"San Antonio",59000.00,14000.00,80000.00,1400.00,690,1800.00,Master
204,27,Male,Tampa,51000.00,10500.00,74000.00,1150.00,700,1500.00,Bachelor
205,32,Male,Indianapolis,57000.00,13000.00,79000.00,1350.00,690,1600.00,PhD
206,29,Male,Columbus,53000.00,11500.00,75000.00,1300.00,700,1700.00,Bachelor
207,27,Male,Nashville,51000.00,10500.00,74000.00,1150.00,700,1500.00,Master
208,31,Male,Albuquerque,55000.00,12000.00,78000.00,1250.00,700,1600.00,Master
209,26,Male,Boise,50000.00,10000.00,75000.00,1200.00,700,1500.00,Bachelor
210,34,Male,"Little Rock",61000.00,15000.00,82000.00,1450.00,700,2000.00,PhD
211,35,Male,"Des Moines",62000.00,16000.00,83000.00,1550.00,690,2100.00,Master
212,31,Male,Jackson,57000.00,13000.00,79000.00,1350.00,690,1600.00,Bachelor
213,30,Male,Birmingham,56000.00,12500.00,78000.00,1300.00,700,1700.00,Bachelor
214,24,Male,"Salt Lake City",48000.00,9500.00,73000.00,1150.00,710,1400.00,Bachelor
215,25,Male,Raleigh,49000.00,10000.00,75000.00,1200.00,710,1500.00,Master
216,34,Male,Columbus,60000.00,16000.00,80000.00,1600.00,730,2100.00,Bachelor
217,26,Male,Boise,52000.00,11000.00,76000.00,1250.00,710,1700.00,Master
218,25,Male,Honolulu,49000.00,10000.00,75000.00,1200.00,710,1500.00,Bachelor
219,27,Male,Tampa,51000.00,10500.00,74000.00,1150.00,710,1700.00,Bachelor
220,29,Female,Portland,53000.00,11500.00,75000.00,1300.00,700,1700.00,Master
221,34,Female,"San Francisco",59000.00,14000.00,80000.00,1400.00,700,1800.00,PhD
222,28,Female,"New York",52000.00,11000.00,76000.00,1250.00,700,1700.00,Bachelor
223,31,Female,Chicago,56000.00,12500.00,78000.00,1300.00,690,1600.00,Bachelor
224,27,Female,"Los Angeles",50000.00,10000.00,75000.00,1200.00,700,1500.00,Master
225,30,Female,Miami,54000.00,12000.00,77000.00,1250.00,700,1700.00,PhD
226,29,Female,"San Francisco",53000.00,11500.00,75000.00,1300.00,700,1700.00,Bachelor
227,28,Female,Seattle,52000.00,11000.00,76000.00,1250.00,700,1700.00,Master
228,32,Female,Boston,58000.00,13000.00,79000.00,1350.00,690,1800.00,Bachelor
229,28,Female,Austin,53000.00,11500.00,75000.00,1300.00,700,1700.00,Bachelor
230,25,Female,Houston,49000.00,10000.00,75000.00,1200.00,700,1500.00,Bachelor
231,30,Male,Chicago,55000.00,12000.00,78000.00,1250.00,710,1700.00,Bachelor
232,28,Male,"New York",58000.00,13000.00,79000.00,1350.00,710,1600.00,Master
233,32,Male,"Los Angeles",59000.00,14000.00,80000.00,1400.00,700,1800.00,Bachelor
234,35,Male,Chicago,60000.00,15000.00,82000.00,1450.00,700,2000.00,Master
235,29,Female,Miami,52000.00,11000.00,76000.00,1250.00,700,1700.00,Bachelor
236,31,Male,"San Francisco",57000.00,13000.00,79000.00,1350.00,700,1600.00,Master
237,33,Male,Seattle,61000.00,15000.00,82000.00,1450.00,700,2000.00,Bachelor
238,32,Male,Boston,60000.00,15000.00,82000.00,1450.00,700,2000.00,Master
239,28,Male,Austin,55000.00,12000.00,78000.00,1250.00,710,1700.00,Bachelor
240,26,Male,Houston,53000.00,11500.00,75000.00,1300.00,700,1700.00,Bachelor
241,35,Male,Dallas,62000.00,16000.00,83000.00,1600.00,730,2100.00,PhD
242,36,Male,"San Diego",63000.00,16000.00,83000.00,1600.00,730,2100.00,Bachelor
243,32,Male,Detroit,59000.00,14000.00,80000.00,1400.00,700,1800.00,Master
244,34,Male,Phoenix,61000.00,15000.00,82000.00,1450.00,700,2000.00,Bachelor
245,31,Male,Portland,58000.00,13000.00,79000.00,1350.00,700,1600.00,Master
246,35,Male,Minneapolis,62000.00,16000.00,83000.00,1600.00,730,2100.00,PhD
247,29,Male,"Las Vegas",54000.00,12000.00,77000.00,1250.00,700,1700.00,Bachelor
248,30,Male,Charlotte,55000.00,12000.00,78000.00,1250.00,710,1700.00,Bachelor
249,32,Male,"San Antonio",57000.00,13000.00,79000.00,1350.00,690,1800.00,Master
250,31,Male,Tampa,56000.00,12500.00,78000.00,1300.00,700,1600.00,Bachelor
251,29,Male,Indianapolis,54000.00,12000.00,77000.00,1250.00,700,1700.00,Master
252,27,Male,Columbus,52000.00,11000.00,76000.00,1250.00,700,1700.00,Bachelor
253,34,Male,Nashville,61000.00,15000.00,82000.00,1450.00,700,2000.00,Bachelor
254,35,Male,Albuquerque,62000.00,16000.00,83000.00,1550.00,690,2100.00,Master
255,32,Male,Boise,59000.00,14000.00,80000.00,1400.00,700,1800.00,Bachelor
256,33,Male,Honolulu,60000.00,15000.00,82000.00,1450.00,700,2000.00,PhD
257,28,Male,Tampa,55000.00,12000.00,78000.00,1250.00,710,1700.00,Master
258,30,Male,Portland,57000.00,13000.00,79000.00,1350.00,700,1600.00,Bachelor
259,29,Male,"San Francisco",56000.00,12500.00,78000.00,1300.00,700,1700.00,Bachelor
260,31,Male,"New York",58000.00,13000.00,79000.00,1350.00,700,1600.00,Master
261,28,Male,Chicago,55000.00,12000.00,78000.00,1250.00,710,1700.00,Bachelor
262,26,Male,"Los Angeles",53000.00,11500.00,75000.00,1300.00,700,1700.00,Master
263,33,Male,Miami,59000.00,14000.00,80000.00,1400.00,700,1800.00,Bachelor
264,32,Male,"San Francisco",58000.00,13000.00,79000.00,1350.00,700,1600.00,Master
265,30,Male,Seattle,56000.00,12500.00,78000.00,1300.00,700,1700.00,Bachelor
266,29,Male,Boston,55000.00,12000.00,78000.00,1250.00,710,1700.00,Bachelor
267,31,Male,Austin,57000.00,13000.00,79000.00,1350.00,690,1800.00,Master
268,28,Male,Houston,54000.00,12000.00,77000.00,1250.00,700,1700.00,Bachelor
269,27,Male,Dallas,52000.00,11000.00,76000.00,1200.00,700,1700.00,Master
270,35,Male,"San Diego",61000.00,15000.00,82000.00,1450.00,700,2000.00,Bachelor
271,30,Male,Chicago,140000.00,15000.00,180000.00,1250.00,710,1700.00,Bachelor
272,28,Male,"New York",145000.00,16000.00,190000.00,1350.00,710,1600.00,Master
273,32,Male,"Los Angeles",150000.00,17000.00,200000.00,1400.00,700,1800.00,Bachelor
274,35,Male,Chicago,160000.00,18000.00,220000.00,1450.00,700,2000.00,Master
275,29,Female,Miami,132000.00,14000.00,176000.00,1350.00,700,1700.00,Bachelor
276,31,Male,"San Francisco",145000.00,16000.00,190000.00,1350.00,700,1600.00,Master
277,33,Male,Seattle,160000.00,18000.00,220000.00,1450.00,700,2000.00,Bachelor
278,32,Male,Boston,150000.00,17000.00,200000.00,1400.00,700,1800.00,Bachelor
279,28,Male,Austin,140000.00,15000.00,180000.00,1350.00,710,1700.00,Bachelor
280,26,Male,Houston,132000.00,14000.00,176000.00,1300.00,700,1700.00,Bachelor
281,35,Male,Dallas,162000.00,19000.00,226000.00,1600.00,730,2100.00,PhD
282,36,Male,"San Diego",165000.00,20000.00,230000.00,1600.00,730,2100.00,Bachelor
283,32,Male,Detroit,150000.00,17000.00,200000.00,1400.00,700,1800.00,Master
284,34,Male,Phoenix,160000.00,18000.00,220000.00,1450.00,700,2000.00,Bachelor
285,31,Male,Portland,145000.00,16000.00,190000.00,1350.00,700,1600.00,Master
286,35,Male,Minneapolis,162000.00,19000.00,226000.00,1600.00,730,2100.00,PhD
287,29,Male,"Las Vegas",138000.00,14500.00,184000.00,1250.00,700,1700.00,Bachelor
288,30,Male,Charlotte,142000.00,15000.00,188000.00,1250.00,710,1700.00,Bachelor
289,32,Male,"San Antonio",150000.00,17000.00,200000.00,1400.00,700,1800.00,Master
290,31,Male,Tampa,145000.00,16000.00,190000.00,1350.00,700,1600.00,Bachelor
291,29,Male,Indianapolis,138000.00,14500.00,184000.00,1250.00,700,1700.00,Master
292,27,Male,Columbus,130000.00,14000.00,176000.00,1300.00,700,1700.00,Bachelor
293,164,Male,Nashville,160000.00,18000.00,220000.00,1450.00,700,2000.00,Bachelor
294,35,Male,Albuquerque,165000.00,20000.00,230000.00,1550.00,690,2100.00,Master
295,32,Male,Boise,150000.00,17000.00,200000.00,1400.00,700,1800.00,Bachelor
296,33,Male,Honolulu,155000.00,18000.00,210000.00,1450.00,700,2000.00,PhD
297,28,Male,Tampa,140000.00,15000.00,180000.00,1350.00,710,1700.00,Master
298,30,Male,Portland,145000.00,16000.00,190000.00,1350.00,700,1600.00,Bachelor
299,29,Male,"San Francisco",142000.00,15000.00,188000.00,1250.00,700,1700.00,Bachelor
300,31,Male,"New York",148000.00,16000.00,196000.00,1350.00,700,1600.00,Master
301,28,Male,Chicago,140000.00,15000.00,180000.00,1250.00,710,1700.00,Bachelor
302,26,Male,"Los Angeles",132000.00,14000.00,176000.00,1300.00,700,1700.00,Master
303,33,Male,Miami,155000.00,18000.00,210000.00,1450.00,700,2000.00,Bachelor
304,32,Male,"San Francisco",150000.00,17000.00,200000.00,1400.00,700,1800.00,Master
305,30,Male,Seattle,145000.00,16000.00,190000.00,1350.00,700,1600.00,Bachelor
306,29,Male,Boston,140000.00,15000.00,180000.00,1250.00,710,1700.00,Bachelor
307,31,Male,Austin,148000.00,16000.00,196000.00,1350.00,690,1800.00,Master
308,28,Male,Houston,142000.00,15000.00,188000.00,1250.00,700,1700.00,Bachelor
309,27,Male,Dallas,138000.00,14500.00,184000.00,1250.00,700,1700.00,Master
310,35,Male,"San Diego",160000.00,18000.00,220000.00,1450.00,700,2000.00,Bachelor
311,30,Male,Chicago,205000.00,15000.00,250000.00,1250.00,710,1700.00,Master
312,28,Male,"New York",210000.00,16000.00,260000.00,1350.00,710,1600.00,Master
313,32,Male,"Los Angeles",220000.00,17000.00,280000.00,1400.00,700,1800.00,Master
314,35,Male,Chicago,240000.00,18000.00,320000.00,1450.00,700,2000.00,PhD
315,29,Female,Miami,202000.00,14000.00,276000.00,1350.00,700,1700.00,PhD
316,31,Male,"San Francisco",210000.00,16000.00,260000.00,1350.00,700,1600.00,Master
317,33,Male,Seattle,230000.00,18000.00,300000.00,1450.00,700,2000.00,PhD
318,32,Male,Boston,220000.00,17000.00,280000.00,1400.00,700,1800.00,Master
319,28,Male,Austin,205000.00,15000.00,250000.00,1350.00,710,1700.00,PhD
320,26,Male,Houston,200000.00,14000.00,240000.00,1300.00,700,1700.00,PhD
321,35,Male,Dallas,250000.00,20000.00,330000.00,1600.00,730,2100.00,PhD
322,36,Male,"San Diego",260000.00,22000.00,340000.00,1600.00,730,2100.00,PhD
323,32,Male,Detroit,220000.00,17000.00,280000.00,1400.00,700,1800.00,Master
324,34,Male,Phoenix,240000.00,18000.00,320000.00,1450.00,700,2000.00,PhD
325,31,Male,Portland,210000.00,16000.00,260000.00,1350.00,700,1600.00,Master
326,35,Male,Minneapolis,250000.00,20000.00,330000.00,1600.00,730,2100.00,PhD
327,29,Male,"Las Vegas",200000.00,14000.00,240000.00,1250.00,700,1700.00,PhD
328,30,Male,Charlotte,205000.00,15000.00,250000.00,1250.00,710,1700.00,Master
329,32,Male,"San Antonio",220000.00,17000.00,280000.00,1400.00,700,1800.00,Master
330,31,Male,Tampa,210000.00,16000.00,260000.00,1350.00,700,1600.00,PhD
331,29,Male,Indianapolis,200000.00,14000.00,240000.00,1250.00,700,1700.00,PhD
332,27,Male,Columbus,200000.00,14000.00,240000.00,1250.00,700,1700.00,PhD
333,35,Male,Nashville,250000.00,20000.00,330000.00,1600.00,730,2100.00,PhD
334,35,Male,Albuquerque,260000.00,22000.00,340000.00,1550.00,690,2100.00,PhD
335,32,Male,Boise,220000.00,17000.00,280000.00,1400.00,700,1800.00,Master
336,33,Male,Honolulu,230000.00,18000.00,300000.00,1450.00,700,2000.00,PhD
337,28,Male,Tampa,205000.00,15000.00,250000.00,1250.00,710,1700.00,Master
338,30,Male,Portland,210000.00,16000.00,260000.00,1350.00,700,1600.00,Master
339,29,Male,"San Francisco",205000.00,15000.00,250000.00,1250.00,700,1700.00,PhD
340,31,Male,"New York",220000.00,17000.00,280000.00,1400.00,700,1800.00,Master
341,28,Male,Chicago,205000.00,15000.00,250000.00,1250.00,710,1700.00,Master
342,26,Male,"Los Angeles",200000.00,14000.00,240000.00,1300.00,700,1700.00,PhD
343,33,Male,Miami,230000.00,18000.00,300000.00,1450.00,700,2000.00,Master
344,32,Male,"San Francisco",220000.00,17000.00,280000.00,1400.00,700,1800.00,Master
345,30,Male,Seattle,210000.00,16000.00,260000.00,1350.00,700,1600.00,PhD
346,29,Male,Boston,205000.00,15000.00,250000.00,1250.00,710,1700.00,PhD
347,31,Male,Austin,220000.00,17000.00,280000.00,1400.00,700,1800.00,Master
348,28,Male,Houston,205000.00,15000.00,250000.00,1250.00,700,1700.00,Master
349,27,Male,Dallas,202000.00,14000.00,276000.00,1250.00,700,1700.00,PhD
350,35,Male,"San Diego",250000.00,20000.00,330000.00,1600.00,730,2100.00,PhD
351,30,Male,Chicago,205000.00,15000.00,250000.00,1250.00,710,1700.00,Master
352,28,Male,"New York",210000.00,16000.00,260000.00,1350.00,710,1600.00,Master
353,32,Male,"Los Angeles",220000.00,17000.00,280000.00,1400.00,700,1800.00,Master
354,35,Male,Chicago,240000.00,18000.00,320000.00,1450.00,700,2000.00,PhD
355,29,Female,Miami,202000.00,14000.00,276000.00,1350.00,700,1700.00,PhD
356,31,Male,"San Francisco",210000.00,16000.00,260000.00,1350.00,700,1600.00,Master
357,33,Male,Seattle,230000.00,18000.00,300000.00,1450.00,700,2000.00,PhD
358,32,Male,Boston,220000.00,17000.00,280000.00,1400.00,700,1800.00,Master
359,28,Female,Austin,205000.00,15000.00,250000.00,1350.00,710,1700.00,PhD
360,26,Male,Houston,200000.00,14000.00,240000.00,1300.00,700,1700.00,PhD
361,35,Male,Dallas,250000.00,20000.00,330000.00,1600.00,730,2100.00,PhD
362,36,Male,"San Diego",260000.00,22000.00,340000.00,1600.00,730,2100.00,PhD
363,32,Male,Detroit,220000.00,17000.00,280000.00,1400.00,700,1800.00,Master
364,34,Male,Phoenix,240000.00,18000.00,320000.00,1450.00,700,2000.00,PhD
365,31,Male,Portland,210000.00,16000.00,260000.00,1350.00,700,1600.00,Master
366,35,Female,Minneapolis,202000.00,14000.00,276000.00,1350.00,700,1700.00,PhD
367,29,Male,"Las Vegas",200000.00,14000.00,240000.00,1250.00,700,1700.00,PhD
368,30,Male,Charlotte,205000.00,15000.00,250000.00,1250.00,710,1700.00,Master
369,32,Male,"San Antonio",220000.00,17000.00,280000.00,1400.00,700,1800.00,Master
370,31,Male,Tampa,210000.00,16000.00,260000.00,1350.00,700,1600.00,PhD
371,29,Female,Indianapolis,202000.00,14000.00,276000.00,1350.00,700,1700.00,PhD
372,27,Male,Columbus,200000.00,14000.00,240000.00,1250.00,700,1700.00,PhD
373,35,Male,Nashville,250000.00,20000.00,330000.00,1600.00,730,2100.00,PhD
374,35,Male,Albuquerque,260000.00,22000.00,340000.00,1550.00,690,2100.00,PhD
375,32,Male,Boise,220000.00,17000.00,280000.00,1400.00,700,1800.00,Master
376,33,Male,Honolulu,230000.00,18000.00,300000.00,1450.00,700,2000.00,PhD
377,28,Male,Tampa,205000.00,15000.00,250000.00,1250.00,710,1700.00,Master
378,30,Male,Portland,210000.00,16000.00,260000.00,1350.00,700,1600.00,Master
379,29,Male,"San Francisco",205000.00,15000.00,250000.00,1250.00,700,1700.00,PhD
380,31,Female,"New York",220000.00,17000.00,280000.00,1400.00,700,1800.00,PhD
381,28,Male,Chicago,205000.00,15000.00,250000.00,1250.00,710,1700.00,Master
382,26,Male,"Los Angeles",200000.00,14000.00,240000.00,1300.00,700,1700.00,PhD
383,33,Male,Miami,230000.00,18000.00,300000.00,1450.00,700,2000.00,Master
384,32,Male,"San Francisco",220000.00,17000.00,280000.00,1400.00,700,1800.00,Master
385,30,Male,Seattle,210000.00,16000.00,260000.00,1350.00,700,1600.00,PhD
386,29,Male,Boston,205000.00,15000.00,250000.00,1250.00,710,1700.00,PhD
387,31,Female,Austin,220000.00,17000.00,280000.00,1400.00,700,1800.00,PhD
388,28,Male,Houston,205000.00,15000.00,250000.00,1250.00,700,1700.00,Master
389,27,Male,Dallas,202000.00,14000.00,276000.00,1250.00,700,1700.00,PhD
390,35,Male,"San Diego",250000.00,20000.00,330000.00,1600.00,730,2100.00,PhD
391,30,Male,Canada,80000.00,10000.00,100000.00,800.00,680,900.00,Bachelor
392,28,Female,France,70000.00,8000.00,90000.00,700.00,700,800.00,Bachelor
393,32,Male,Australia,100000.00,15000.00,120000.00,1000.00,750,1200.00,Master
394,35,Female,Japan,120000.00,20000.00,150000.00,1200.00,760,1300.00,PhD
395,29,Male,Brazil,60000.00,7000.00,80000.00,600.00,650,700.00,Bachelor
396,31,Male,"United Kingdom",90000.00,12000.00,110000.00,900.00,720,1100.00,Master
397,33,Female,India,80000.00,10000.00,100000.00,800.00,700,900.00,Master
398,32,Male,Germany,110000.00,16000.00,130000.00,1100.00,740,1300.00,PhD
399,28,Female,Spain,70000.00,8000.00,90000.00,700.00,700,800.00,Bachelor
400,26,Male,"South Korea",60000.00,7000.00,80000.00,600.00,650,700.00,Bachelor
401,35,Female,China,120000.00,20000.00,150000.00,1200.00,760,1300.00,PhD
402,36,Male,Russia,130000.00,22000.00,160000.00,1300.00,770,1400.00,PhD
403,32,Female,Mexico,100000.00,15000.00,120000.00,1000.00,750,1200.00,Master
404,34,Male,"South Africa",110000.00,16000.00,130000.00,1100.00,740,1300.00,PhD
405,31,Female,Italy,90000.00,12000.00,110000.00,900.00,720,1100.00,Master
406,35,Male,Argentina,120000.00,20000.00,150000.00,1200.00,760,1300.00,PhD
407,29,Female,Netherlands,70000.00,8000.00,90000.00,700.00,700,800.00,Bachelor
408,30,Male,Belgium,80000.00,10000.00,100000.00,800.00,680,900.00,Master
409,32,Male,Sweden,100000.00,15000.00,120000.00,1000.00,750,1200.00,PhD
410,35,Female,Norway,120000.00,20000.00,150000.00,1200.00,760,1300.00,PhD
411,29,Male,Denmark,60000.00,7000.00,80000.00,600.00,650,700.00,Bachelor
412,31,Male,Switzerland,90000.00,12000.00,110000.00,900.00,720,1100.00,Master
413,33,Female,Singapore,80000.00,10000.00,100000.00,800.00,700,900.00,Master
414,32,Male,UAE,110000.00,16000.00,130000.00,1100.00,740,1300.00,PhD
415,28,Female,"Saudi Arabia",70000.00,8000.00,90000.00,700.00,700,800.00,Bachelor
416,26,Male,"South Africa",60000.00,7000.00,80000.00,600.00,650,700.00,Bachelor
417,35,Female,Brazil,120000.00,20000.00,150000.00,1200.00,760,1300.00,PhD
418,36,Male,Mexico,130000.00,22000.00,160000.00,1300.00,770,1400.00,PhD
419,32,Female,Russia,100000.00,15000.00,120000.00,1000.00,750,1200.00,Master
420,34,Male,Italy,110000.00,16000.00,130000.00,1100.00,740,1300.00,PhD
421,31,Female,France,90000.00,12000.00,110000.00,900.00,720,1100.00,Master
422,35,Male,Germany,120000.00,20000.00,150000.00,1200.00,760,1300.00,PhD
423,29,Female,Japan,70000.00,8000.00,90000.00,700.00,700,800.00,Bachelor
424,30,Male,Spain,80000.00,10000.00,100000.00,800.00,680,900.00,Bachelor
425,32,Male,India,100000.00,15000.00,120000.00,1000.00,750,1200.00,Master
426,35,Female,China,120000.00,20000.00,150000.00,1200.00,760,1300.00,PhD
427,29,Male,Canada,60000.00,7000.00,80000.00,600.00,650,700.00,Bachelor
428,31,Male,Australia,90000.00,12000.00,110000.00,900.00,720,1100.00,Master
429,33,Female,"United Kingdom",80000.00,10000.00,100000.00,800.00,700,900.00,Master
430,32,Male,Brazil,110000.00,16000.00,130000.00,1100.00,740,1300.00,PhD
431,28,Female,France,70000.00,8000.00,90000.00,700.00,700,800.00,Bachelor
432,26,Male,"South Korea",60000.00,7000.00,80000.00,600.00,650,700.00,Bachelor
433,35,Female,Japan,120000.00,20000.00,150000.00,1200.00,760,1300.00,PhD
434,36,Male,Brazil,130000.00,22000.00,160000.00,1300.00,770,1400.00,PhD
435,32,Female,Mexico,100000.00,15000.00,120000.00,1000.00,750,1200.00,Master
436,34,Male,"South Africa",110000.00,16000.00,130000.00,1100.00,740,1300.00,PhD
437,31,Female,Italy,90000.00,12000.00,110000.00,900.00,720,1100.00,Master
438,35,Male,Argentina,120000.00,20000.00,150000.00,1200.00,760,1300.00,PhD
439,29,Female,Netherlands,70000.00,8000.00,90000.00,700.00,700,800.00,Bachelor
440,30,Male,Belgium,80000.00,10000.00,100000.00,800.00,680,900.00,Master
441,32,Male,Sweden,100000.00,15000.00,120000.00,1000.00,750,1200.00,PhD
442,35,Female,Norway,120000.00,20000.00,150000.00,1200.00,760,1300.00,PhD
443,29,Male,Denmark,60000.00,7000.00,80000.00,600.00,650,700.00,Bachelor
444,31,Male,Switzerland,90000.00,12000.00,110000.00,900.00,720,1100.00,Master
445,33,Female,Singapore,80000.00,10000.00,100000.00,800.00,700,900.00,Master
446,32,Male,UAE,110000.00,16000.00,130000.00,1100.00,740,1300.00,PhD
447,28,Female,"Saudi Arabia",70000.00,8000.00,90000.00,700.00,700,800.00,Bachelor
448,26,Male,"South Africa",60000.00,7000.00,80000.00,600.00,650,700.00,Bachelor
449,35,Female,Brazil,120000.00,20000.00,150000.00,1200.00,760,1300.00,PhD
450,36,Male,Mexico,130000.00,22000.00,160000.00,1300.00,770,1400.00,PhD
451,32,Female,Russia,100000.00,15000.00,120000.00,1000.00,750,1200.00,Master
452,34,Male,Italy,110000.00,16000.00,130000.00,1100.00,740,1300.00,PhD
453,31,Female,France,90000.00,12000.00,110000.00,900.00,720,1100.00,Master
454,35,Male,Germany,120000.00,20000.00,150000.00,1200.00,760,1300.00,PhD
455,29,Female,Japan,70000.00,8000.00,90000.00,700.00,700,800.00,Bachelor
456,30,Male,Spain,80000.00,10000.00,100000.00,800.00,680,900.00,Bachelor
457,32,Male,India,100000.00,15000.00,120000.00,1000.00,750,1200.00,Master
458,35,Female,China,120000.00,20000.00,150000.00,1200.00,760,1300.00,PhD
459,29,Male,Canada,60000.00,7000.00,80000.00,600.00,650,700.00,Bachelor
460,31,Male,Australia,90000.00,12000.00,110000.00,900.00,720,1100.00,Master
461,33,Female,"United Kingdom",80000.00,10000.00,100000.00,800.00,700,900.00,Master
462,32,Male,Brazil,110000.00,16000.00,130000.00,1100.00,740,1300.00,PhD
463,28,Female,France,70000.00,8000.00,90000.00,700.00,700,800.00,Bachelor
464,26,Male,"South Korea",60000.00,7000.00,80000.00,600.00,650,700.00,Bachelor
465,35,Female,Japan,120000.00,20000.00,150000.00,1200.00,760,1300.00,PhD
466,36,Male,Brazil,130000.00,22000.00,160000.00,1300.00,770,1400.00,PhD
467,32,Female,Mexico,100000.00,15000.00,120000.00,1000.00,750,1200.00,Master
468,34,Male,"South Africa",110000.00,16000.00,130000.00,1100.00,740,1300.00,PhD
469,31,Female,Italy,90000.00,12000.00,110000.00,900.00,720,1100.00,Master
470,35,Male,Argentina,120000.00,20000.00,150000.00,1200.00,760,1300.00,PhD
471,29,Female,Netherlands,70000.00,8000.00,90000.00,700.00,700,800.00,Bachelor
472,30,Male,Belgium,80000.00,10000.00,100000.00,800.00,680,900.00,Master
473,32,Male,Sweden,100000.00,15000.00,120000.00,1000.00,750,1200.00,PhD
474,35,Female,Norway,120000.00,20000.00,150000.00,1200.00,760,1300.00,PhD
475,29,Male,Denmark,60000.00,7000.00,80000.00,600.00,650,700.00,Bachelor
476,31,Male,Switzerland,90000.00,12000.00,110000.00,900.00,720,1100.00,Master
477,33,Female,Singapore,80000.00,10000.00,100000.00,800.00,700,900.00,Master
478,32,Male,UAE,110000.00,16000.00,130000.00,1100.00,740,1300.00,PhD
479,28,Female,"Saudi Arabia",70000.00,8000.00,90000.00,700.00,700,800.00,Bachelor
480,26,Male,"South Africa",60000.00,7000.00,80000.00,600.00,650,700.00,Bachelor
481,28,Male,Germany,80000.00,10000.00,100000.00,800.00,680,900.00,Bachelor
482,30,Female,Spain,70000.00,8000.00,90000.00,700.00,700,800.00,Bachelor
483,32,Male,Italy,100000.00,15000.00,120000.00,1000.00,750,1200.00,Master
484,35,Male,Argentina,120000.00,20000.00,150000.00,1200.00,760,1300.00,PhD
485,29,Female,Netherlands,60000.00,7000.00,80000.00,600.00,650,700.00,Bachelor
486,31,Male,Belgium,90000.00,12000.00,110000.00,900.00,720,1100.00,Master
487,33,Male,Sweden,80000.00,10000.00,100000.00,800.00,700,900.00,Master
488,35,Female,Norway,100000.00,15000.00,120000.00,1000.00,750,1200.00,PhD
489,29,Male,Denmark,60000.00,7000.00,80000.00,600.00,650,700.00,Bachelor
490,31,Male,Switzerland,90000.00,12000.00,110000.00,900.00,720,1100.00,Master
491,33,Female,Singapore,80000.00,10000.00,100000.00,800.00,700,900.00,Master
492,32,Male,UAE,100000.00,15000.00,120000.00,1000.00,750,1200.00,PhD
493,28,Female,"Saudi Arabia",70000.00,8000.00,90000.00,700.00,700,800.00,Bachelor
494,26,Male,"South Africa",60000.00,7000.00,80000.00,600.00,650,700.00,Bachelor
495,35,Female,Brazil,100000.00,15000.00,120000.00,1000.00,750,1200.00,Master
496,36,Male,Mexico,120000.00,20000.00,150000.00,1200.00,760,1300.00,PhD
497,32,Female,Russia,90000.00,12000.00,110000.00,900.00,720,1100.00,Master
498,34,Male,Italy,100000.00,15000.00,120000.00,1000.00,750,1200.00,PhD
499,31,Female,France,70000.00,8000.00,90000.00,700.00,700,800.00,Bachelor
500,30,Male,Germany,80000.00,10000.00,100000.00,800.00,680,900.00,Bachelor
